time,eqmt,tons
43817.36458,1,397
43817.40278,1,401
43817.44792,1,402
43817.49306,1,398
43817.53333,1,398
43817.57569,1,398
43817.63819,1,400
43817.67431,1,400
43817.38056,2,396
43817.41944,2,400
43817.45833,2,399
43817.49722,2,397
43817.54097,2,399
43817.57986,2,400
43817.62569,2,399
